initials;full-name;action-object;description
AM;Abby Mallard;;Chicken Little
AG;Abigail Gabble;;The Aristocats
AM;Abis Mal;;The Return of Jafar
A;Abu;;Aladdin
A;Achilles;;The Hunchback of Notre Dame
A;Adella;;The Little Mermaid
WP;Agent Wendy Pleakley;;Lilo & Stitch
A;Akela;;The Jungle Book
AA;Al the Alligator;;Lady and the Tramp
A;Aladar;;Dinosaur
A;Aladdin;;Aladdin
AS;Alameda Slim;;Home on the Range
AD;Alan-a-Dale;;Robin Hood
A;Alana;;The Little Mermaid
A;Alcmene;;Hercules
A;Alice;;Alice in Wonderland
AB;Alice Bluebonnet;;Make Mine Music
AG;Amelia Gabble;;The Aristocats
AS;Amos Slade;;The Fox and the Hound
A;Amphitryon;;Hercules
AT;Anastasia Tremaine;;Cinderella
A;Anda;;Brother Bear 2
A;Andrina;;The Little Mermaid
A;Angel;;Lady and the Tramp II: Scamp's Adventure
A;Angelique;;Beauty and the Beast: The Enchanted Christmas
AM;Angus MacBadger;;The Adventures of Ichabod and Mr. Toad
AR;Anita Radcliffe;;101 Dalmatians
A;Anna;;Frozen
A;Annette;;Lady and the Tramp II: Scamp's Adventure
A;Apollo;;Hercules
A;Aquata;;The Little Mermaid
AB;Aracuan Bird;;The Three Caballeros
TA;The Archdeacon;;The Hunchback of Notre Dame
AP;Archimedes Q. Porter;;Tarzan
A;Archimedes;;The Sword in the Stone
A;Ariel;;The Little Mermaid
A;Arista;;The Little Mermaid
A;Armoire;;Beauty and the Beast
A;Arthur/Wart;;The Sword in the Stone
A;Arthur;;Jungle Cubs
DB;Assistant Mayor Dawn Bellwether;;Zootopia
A;Atka;;Brother Bear 2
A;Atropos;;Hercules
A;Attina;;The Little Mermaid
AC;Audrey the Chicken;;Home on the Range
AR;Audrey Ramirez;;Atlantis: The Lost Empire
AS;Aunt Sarah;;Lady and the Tramp
AS;Aunt Siqiniq;;Brother Bear 2
AT;Aunt Taqqiq;;Brother Bear 2
A;Aurora;;Sleeping Beauty
A;Axe;;Beauty and the Beast: The Enchanted Christmas
B;B.E.N.;;Treasure Planet[29]
B;Babette;;Beauty and the Beast
BB;Babyface Beagle;;DuckTales
RB;Baby Red Bird;;Mickey Mouse Clubhouse
BH;Baby Herman;;Who Framed Roger Rabbit
BB;Backwoods Beagle;;DuckTales
BB;Bacon Beagle;;DuckTales
BB;Baggy Beagle;;DuckTales
B;Bagheera;;The Jungle Book
B;Baileywick;;Sofia the First
B;Baker;;Beauty and the Beast
B;Baker;;Cinderella II: Dreams Come True
B;Ballerina;;Fantasia 2000
BB;Baloo Bear;;The Jungle Book
B;Bambi;;Bambi
B;Banzai;;The Lion King
B;Bankjob Beagle;;DuckTales
B;Bartholomew;;The Great Mouse Detective
B;Bashful;;Snow White and the Seven Dwarfs
B;Basil of Baker Street;;The Great Mouse Detective
B;Baylene;;Dinosaur
B;Bear;;Bedknobs and Broomsticks
BB;Beary Barrington;;The Country Bears
B;Beast;;Beauty and the Beast
B;Beaver;;Lady and the Tramp
B;Bella;;Mickey Mouse Clubhouse
B;Belle;;Beauty and the Beast
B;Ben;;Pocahontas
BA;Ben Ali Gator;;Fantasia
BC;Benjamin Clawhauser;;Zootopia
BC;Benny the Cab;;Who Framed Roger Rabbit
BT;Bent-Tail the Coyote;;The Legend of Coyote Rock
BT;Bent-Tail Junior;;Sheep Dog
BB;Bentina Beakley;;DuckTales
BG;Beret Girl;;An Extremely Goofy Movie
B;Berlioz;;The Aristocats
B;Bernard;;The Rescuers
BA;Big Al;;The Country Bears
BW;Big Bad Wolf;;Three Little Pigs
BM;Big Mama;;The Fox and the Hound
BB;Bigtime Beagle;;DuckTales
BL;Bill the Lizard;;Alice in Wonderland
BB;Billy Boss;;The Aristocats
BB;Billy Bones;;Treasure Planet
B;Bimbette;;Beauty and the Beast
BM;Binkie Muddlefoot;;Darkwing Duck
BB;Binky Beagle;;DuckTales
BB;Black Bart;;The Sword in the Stone
B;Blake;;Bolt
B;Blaze;;Tinker Bell and the Lost Treasure
BF;Blue Fairy;;Pinocchio
B;Bobble;;Disney Fairies
B;Bolt;;Bolt
BB;Bomber Beagle;;DuckTales
BH;Bonnie Hopps;;Zootopia
B;Bookseller;;Beauty and the Beast
B;Boomer;;The Fox and the Hound
BB;Bonkers D. Bobcat;;Bonkers
BB;Boss Beaver;;Timon and Pumbaa
BB;Bouncer Beagle;;DuckTales
BG;Bowler Hat Guy;;Meet the Robinsons
BB;Br'er Bear;;Song of the South
BF;Br'er Fox;;Song of the South
BR;Br'er Rabbit;;Song of the South
BU;Bradley Uppercrust III;;An Extremely Goofy Movie
BD;Bruno the Dog;;Cinderella
B;Bruton;;Dinosaur
BN;Brutus and Nero;;The Rescuers
B;Buck;;Home on the Range
BC;Buck Cluck;;Chicken Little
BB;Bucky Bug;;Silly Symphonies
BO;Bucky Oryx-Antlerson;;Zootopia
BS;Bucky the Squirrel;;The Emperor's New Groove
BC;Buford the Cook;;The Princess and the Frog
BB;Bugle Beagle;;DuckTales
BB;Burger Beagle;;DuckTales
B;Buster;;Lady and the Tramp II: Scamp's Adventure
BB;Butch the Bulldog;;Bone Trouble
BV;Buzzie the Vulture;;The Jungle Book
C;Cadpig;;101 Dalmatians: The Series
C;Calliope;;Hercules
C;Candlehead;;Wreck-It Ralph
TC;The Captain;;One Hundred and One Dalmatians
CA;Captain Amelia;;Treasure Planet
CH;Captain Hook;;Peter Pan
JS;Captain John Smith;;Pocahontas
CP;Captain Phoebus;;The Hunchback of Notre Dame
CR;Carl the Robot;;Meet the Robinsons
CM;Carlotta the Maid;;The Little Mermaid
TC;The Carpenter;;Alice in Wonderland
CJ;Casey Junior;;Dumbo
C;Cash;;The Fox and the Hound 2
C;Cassim;;Aladdin and the King of Thieves
TC;The Caterpillar;;Alice in Wonderland
CE;Catty the Elephant;;Dumbo
CV;Cecil the Vulture;;Jungle Cubs
CS;Cedric the Sorcerer;;Sofia the First
C;Chaca;;The Emperor's New Groove
C;Chandeleria;;Belle's Magical World
CM;Chair Mouse;;The Rescuers
C;Chainsaw;;Goof Troop
CB;Charlotte La Bouff;;The Princess and the Frog
CC;Cheetata and Cheetato;;Timon and Pumbaa
CB;Chef Bouche;;Beauty and the Beast
CL;Chef Louis;;The Little Mermaid
C;Chernabog;;Fantasia
CC;Cheshire Cat;;Alice in Wonderland
CF;Chi-Fu;;Mulan
C;Chicha;;The Emperor's New Groove
CL;Chicken Little;;Chicken Little
C;Chief;;The Fox and the Hound
CB;Chief Bogo;;Zootopia
CP;Chief Powhatan;;Pocahontas
CP;Chien-Po;;Mulan
C;Chip;;Private Pluto
CP;Chip Potts;;Beauty and the Beast
CR;Christopher Robin;;Winnie the Pooh and the Honey Tree
C;Cinderella;;Cinderella
CA;Circus Animals;;Dumbo
C;Clank;;Disney Fairies
CC;Clara Cluck;;Orphan's Benefit
CC;Clarabelle Cow;;Plane Crazy
C;Clayton;;Tarzan
C;Cleo;;Pinocchio
C;Clio;;Hercules
CD;Cloak and Dagger;;The Little Mermaid II: Return to the Sea
CT;Clopin Trouillefou;;The Hunchback of Notre Dame
C;Clotho;;Hercules
C;Clover;;Sofia the First
TC;The Coachman;;Pinocchio
CB;Cobra Bubbles;;Lilo & Stitch
C;Codfish;;Bedknobs and Broomsticks
C;Cody;;The Rescuers Down Under
C;Cogsworth;;Beauty and the Beast
C;Colette;;Lady and the Tramp II: Scamp's Adventure
TC;The Colonel;;101 Dalmatians
CH;Colonel Hathi;;The Jungle Book
LR;Commander Lyle Rourke;;Atlantis: The Lost Empire
C;Cookie;;Atlantis: The Lost Empire
C;Copper;;The Fox and the Hound
CR;Cornelius Robinson;;Meet the Robinsons
CR;Cousin Randy;;The Princess and the Frog
C;Crane;;Belle's Magical World
C;Creeper;;The Black Cauldron
CK;Cri-Kee;;Mulan
TC;The Crocodile (Tick Tock);;Peter Pan
CV;Cruella de Vil;;101 Dalmatians
CD;Crumbelina DiCaramello;;Wreck-It Ralph
C;Cubby;;Peter Pan
CP;Cyril Proudbottom;;The Adventures of Ichabod and Mr. Toad
DD;Daisy Duck;;Private Pluto
D;Dallben;;The Black Cauldron
D;Danielle;;Lady and the Tramp II: Scamp's Adventure
D;Danny;;Return to Never Land
D;Darby;;My Friends Tigger & Pooh
D;Darling;;Lady and the Tramp
D;Dash;;The Little Mermaid II: Return to the Sea
DK;David Kawena;;Lilo & Stitch
D;Demetrius;;Hercules
D;Denahi;;Brother Bear
DB;Derek Blunt;;Darkwing Duck
D;DeSoto;;Oliver & Company
D;Dewey;;Donald's Nephews
DB;Dex Barrington;;The Country Bears
D;Diablo;;Sleeping Beauty
DM;Digger the Mole;;The Rescuers
DT;Dijon the Thief;;DuckTales
DC;Dinah the Cat;;Alice in Wonderland
DD;Dinah the Dachshund;;The Sleepwalker
D;Dinky;;The Fox and the Hound
TD;The Director;;Bolt
D;Dixie;;The Fox and the Hound 2
DV;Dizzie the Vulture;;The Jungle Book
D;Djali;;The Hunchback of Notre Dame
D;Doc;;Snow White and the Seven Dwarfs
DM;Doctor Mouse;;The Rescuers Down Under
D;Dodger;;Oliver & Company
TD;The Dodo;;Alice in Wonderland
DC;The Dog Catcher;;Lady and the Tramp II: Scamp's Adventure
D;Doli;;The Black Cauldron
DK;Don Karnage;;TaleSpin
DD;Donald Duck;;The Wise Little Hen
DD;Doofus Drake;;DuckTales
TD;The Doorknob;;Alice in Wonderland
TD;The Doorman;;Cinderella
D;Dopey;;Snow White and the Seven Dwarfs
D;Doris;;Meet the Robinsons
TD;The Dormouse;;Alice in Wonderland
DR;Doug Ramses;;Zootopia
DC;Dr. Calico;;Bolt
DD;Dr. David Q. Dawson;;The Great Mouse Detective
DD;Dr. Doppler;;Treasure Planet
DF;Dr. Facilier;;The Princess and the Frog
DF;Dr. Forrester;;Bolt
DH;Dr. Jacques von Hamsterviel;;Stitch! The Movie
DS;Dr. Joshua Sweet;;Atlantis: The Lost Empire
DJ;Dr. Jumba Jookiba;;Lilo & Stitch
DB;Dr. Reginald Bushroot;;Darkwing Duck
DM;Drake Mallard (Darkwing Duck);;Darkwing Duck
DT;Drizella Tremaine;;Cinderella
D;Duchess;;The Aristocats
D;Duchess;;One Hundred and One Dalmatians
D;Duckworth;;DuckTales
D;Duke;;Fantasia 2000
DW;Duke of Weselton;;Frozen
DW;Duke Weaselton;;Zootopia
D;Dumbo;;Dumbo
D;Duncan;;Wreck-It Ralph
E;Ed;;The Lion King
EB;Edgar Balthazar the Butler;;The Aristocats
E;Edward;;Return to Never Land
E;Eema;;Dinosaur
E;Eeyore;;Winnie the Pooh and the Honey Tree
E;Einstein;;Oliver & Company
EC;El Capitan;;DuckTales
EB;Eli "Big Daddy" La Bouff;;The Princess and the Frog
EM;Ellie Mae;;The Rescuers
E;Elliott;;Pete's Dragon
EE;Elmer Elephant;;Silly Symphonies
E;Elsa;;Frozen
EO;Emmitt Otterton;;Zootopia
EC;Emperor of China;;Mulan
TE;The Enchantress;;Beauty and the Beast: The Enchanted Christmas
E;Esmeralda;;The Hunchback of Notre Dame
E;Eudora;;The Princess and the Frog
E;Evangaline;;The Princess and the Frog
E;Evinrude;;The Rescuers
FL;Fa Li;;Mulan
FZ;Fa Zhou;;Mulan
F;Fagin;;Oliver & Company
FG;Fairy Godmother;;Cinderella
FM;Fairy Mary;;Disney Fairies
F;Faline;;Bambi
FR;Fall-Apart Rabbit;;Bonkers
F;Faloo;;The Rescuers Down Under
FC;Fat Cat;;Chip 'n Dale Rescue Rangers
FW;Father Wolf;;The Jungle Book
F;Fauna;;Sleeping Beauty
F;Fawn;;Disney Fairies
FC;Felicia the Cat;;The Great Mouse Detective
FC;Fenton Crackshell (Gizmoduck);;DuckTales
FH;Fenton Q. Harcourt;;Atlantis: The Lost Empire
FF;Ferdie Fieldmouse;;Mickey's Steam Roller
FB;Ferdinand the Bull;;Silly Symphonies
FF;Fflewddur Fflam;;The Black Cauldron
F;Fidget;;The Great Mouse Detective
FP;Fiddler Pig;;Three Little Pigs
FP;Fife the Piccolo;;Beauty and the Beast: The Enchanted Christmas
FP;Fifer Pig;;Three Little Pigs
FF;Fifi the Featherduster;;Beauty and the Beast
FC;Figaro the Cat;;Pinocchio
F;Figment;;Journey into Imagination with Figment
F;Finnick;;Zootopia
FA;First Ancestor Fa;;Mulan
TF;The Firebird;;Fantasia 2000
FW;Fish Out of Water;;Chicken Little
FF;Fix-It Felix, Jr.;;Wreck-It Ralph
FV;Flaps the Vulture;;The Jungle Book
FS;Flash Slothmore;;Zootopia
FG;Flintheart Glomgold;;DuckTales
F;Flit;;Pocahontas
F;Flora;;Sleeping Beauty
FJ;Flotsam and Jetsam;;The Little Mermaid
F;Flounder;;The Little Mermaid
F;Flower;;Bambi
FB;Flunkey the Baboon;;The Jungle Book
FR;Flynn Rider;;Tangled
F;Footman;;Cinderella
PO;Forte the Pipe Organ;;Beauty and the Beast: The Enchanted Christmas
FL;Foxy Loxy;;Chicken Little
F;Fran;;Higglytown Heroes
F;Francis;;Oliver & Company
F;Francois;;Lady and the Tramp II: Scamp's Adventure
F;Francois;;The Rescuers Down Under
F;Frank;;The Rescuers Down Under
FF;Frankie the Frog;;Meet the Robinsons
FR;Franny Robinson;;Meet the Robinsons
F;Fred;;Timon and Pumbaa
FT;Friar Tuck;;Robin Hood
FO;Friend Owl;;Bambi
FF;Frou-Frou;;The Aristocats
GH;Gadget Hackwrench;;Chip 'n Dale Rescue Rangers
GM;Gaetan "Mole" Moliére;;Atlantis: The Lost Empire
CG;Captain Gantu;;Lilo & Stitch
G;Gaston;;Beauty and the Beast
G;Gazelle;;Zootopia
GH;General Hologram;;Wreck-It Ralph
GL;General Li;;Mulan
G;Genie;;Aladdin
GD;George Darling;;Peter Pan
GH;Georges Hautecourt;;The Aristocats
G;Georgette;;Oliver & Company
G;Geppetto;;Pinocchio
GE;Giddy the Elephant;;Dumbo
G;Gideon;;Pinocchio
G;Giselle;;Enchanted
GG;Gladstone Gander;;DuckTales
G;Gliss;;Secret of the Wings
GG;Glittering Goldie;;DuckTales
GO;Gloyd Orangeboar;;Wreck-It Ralph
G;Goob;;Meet the Robinsons
G;Goofy;;Mickey's Revue
GL;Goosey Loosey;;Chicken Little
G;Gopher;;Winnie the Pooh and the Honey Tree
GM;Gosalyn Mallard;;Darkwing Duck
JR;Governor John Ratcliffe;;Pocahontas
G;Grace;;Home on the Range
GT;Gramma Tala;;Moana
G;Gramps;;The Rescuers
GC;Grand Councilwoman;;Lilo & Stitch
GD;The Grand Duke;;Cinderella
GD;Grandma Duck;;This is Your Life, Donald Duck
GF;Grandmother Fa;;Mulan
GW;Grandmother Willow;;Pocahontas
GR;Granny Rose;;The Fox and the Hound 2
GW;Greasy the Weasel;;Who Framed Roger Rabbit
GP;Great Prince of the Forest;;Bambi
G;Grimsby;;The Little Mermaid
G;The Groundhog;;Bambi II
G;Grumpy;;Snow White and the Seven Dwarfs
G;Gurgi;;The Black Cauldron
GL;Gus Lollygagger;;Cinderella
GG;Gus Goose;;Donald's Cousin Gus
GG;Gyro Gearloose;;DuckTales
HH;Hades;;Hercules
H;Hands;;Treasure Planet
H;Happy;;Snow White and the Seven Dwarfs
HS;Harold the Seahorse;;The Little Mermaid
HH;Haroud Hazi Bin;;Aladdin (TV series)
HF;Harvey Fenner;;The Princess and the Frog
HH;Headless Horseman;;The Adventures of Ichabod and Mr. Toad
HR;Heihei the Rooster;;Moana
HS;Helga Sinclair;;Atlantis: The Lost Empire
HW;Hen Wen;;The Black Cauldron
HF;Henry Fenner;;The Princess and the Frog
HH;Hera;;Hercules
HM;Herb Muddlefoot;;Darkwing Duck
H;Hercules;;Hercules
H;Hermes;;Hercules
HF;Hiram Flaversham;;The Great Mouse Detective
HC;Hit Cat the English Cat;;The Aristocats
HM;Honker Muddlefoot;;Darkwing Duck
HH;Hook Hand;;Tangled
H;Hoonah;;Brother Bear 2
HJ;Horace & Jasper;;101 Dalmatians
HH;Horace Horsecollar;;The Plow Boy
HK;The Horned King;;The Black Cauldron
H;Huey;;Donald's Nephews
H;Hugo;;The Hunchback of Notre Dame
HH;Humbert the Huntsman;;Snow White and the Seven Dwarfs
HB;Humphrey the Bear;;Hold That Pose
HH;Hyacinth Hippo;;Fantasia
I;Iago;;Aladdin
IA;Ian the Alligator;;The Princess and the Frog
IC;Ichabod Crane;;The Adventures of Ichabod and Mr. Toad
IC;The Indian Chief;;Peter Pan
I;Innoko;;Brother Bear 2
I;Iridessa;;Disney Fairies
AW;J. Audubon Woodlore;;Grin and Bear It
GH;J. Gander Hooter;;Darkwing Duck
TT;J. Thaddeus Toad;;The Adventures of Ichabod and Mr. Toad
WF;J. Worthington Foulfellow;;Pinocchio
JB;Jack-in-the-Box;;Fantasia 2000
JH;Jackson "Jaq" Hopscotch;;Cinderella
J;Jafar;;Aladdin
J;Jake;;The Rescuers Down Under
J;Jane;;Return to Never Land
JP;Jane Porter;;Tarzan
JG;Jeb the Goat;;Home on the Range
JF;Jennifer "Jenny" Foxworth;;Oliver & Company
JW;Jenny Wren;;Silly Symphonies
JJ;Jerry Jumbeaux Jr.;;Zootopia
JR;Jesse the Ram;;Zootopia
JR;Jessica Rabbit;;Who Framed Roger Rabbit
JC;Jim Crow;;Dumbo
JD;Jim Dear;;Lady and the Tramp
JH;Jim Hawkins;;Treasure Planet
JC;Jiminy Cricket;;Pinocchio
JJ;Jobless Joe;;Fantasia 2000
J;Jock;;Lady and the Tramp
JG;Joe Giraffe;;Silly Symphonies
JH;Joey Hippo;;Silly Symphonies
JD;John Darling;;Peter Pan
JS;John Silver;;Treasure Planet
JA;Johnny Appleseed;;Melody Time
JB;Jubileena Bing-Bing;;Wreck-It Ralph
CF;Judge Claude Frollo;;The Hunchback of Notre Dame
JD;Judge Doom;;Who Framed Roger Rabbit
JH;Judy Hopps;;Zootopia
J;June;;House of Mouse
J;Junior;;The Jungle Book
JB;Junior the Buffalo;;Home on the Range
K;Kaa;;The Jungle Book
K;Kala;;Tarzan
K;Kanga;;Winnie the Pooh and the Honey Tree
K;Kata;;Brother Bear 2
KT;Katrina Van Tassel;;The Adventures of Ichabod and Mr. Toad
K;Kekata the Medicine man;;Pocahontas
K;Kenai;;Brother Bear
K;Kerchak;;Tarzan
K;Kiara;;The Lion King II: Simba's Pride
TK;The King;;Cinderella
KH;The King of Hearts;;Alice in Wonderland
KC;King Candy/Turbo;;Wreck-It Ralph
KE;King Eiddileg;;The Black Cauldron
KH;King Hubert;;Sleeping Beauty
KN;King Kashekim Nedakh;;Atlantis: The Lost Empire
KL;King Leonidas;;Bedknobs and Broomsticks
KL;King Louie;;The Jungle Book
KR;King Richard;;Robin Hood
KR;King Roland II;;Sofia the First
KS;King Stefan;;Sleeping Beauty
KT;King Triton;;The Little Mermaid
K;Kirby;;Chicken Little
K;Kocoum;;Pocahontas
K;Koda;;Brother Bear
K;Kovu;;The Lion King II: Simba's Pride
K;Krebbs;;The Rescuers Down Under
K;Kristoff;;Frozen
K;Kron;;Dinosaur
KP;Kronk Pepikrankenitz;;The Emperor's New Groove
K;Kuzco;;The Emperor's New Groove
L;Lachesis;;Hercules
L;Lady;;Lady and the Tramp
LD;Lady DeBurne;;The Hunchback of Notre Dame II
LK;Lady Kluck;;Robin Hood
LM;Lady Mouse;;The Great Mouse Detective
LT;Lady Tremaine;;Cinderella
LB;Lafayette the Basset Hound;;The Aristocats
L;Lampwick;;Pinocchio
LD;Larry the Duck;;Home on the Range
LM;Launchpad McQuack;;DuckTales
L;Laverne;;The Hunchback of Notre Dame
LV;Lawrence the Valet;;The Princess and the Frog
LF;Le Fou;;Beauty and the Beast
L;Lefty;;Meet the Robinsons
LP;Le Plufme;;Belle's Magical World
L;Lewis;;Meet the Robinsons
LS;Li Shang;;Mulan
LW;Lil Bad Wolf;;The Porker's Court
LP;Lilo Pelekai;;Lilo & Stitch
L;Ling;;Mulan
TL;The Liquidator;;Darkwing Duck
LJ;Little John;;Robin Hood
LT;Little Toot;;Melody Time
M;;Mr. Litwak;;Wreck-It Ralph
L;Lizzy;;Meet the Robinsons
LG;Lizzy Griffths;;Tinker Bell and the Great Fairy Rescue
L;Louie;;Donald's Nephews
L;Louie the Hot Dog Man;;Oliver & Company
LA;Louis the Alligator;;The Princess and the Frog
LC;Lucifer the Cat;;Cinderella
LK;Lucille Krunklehorn;;Meet the Robinsons
L;Lucky;;One Hundred and One Dalmatians
LJ;Lucky Jack;;Home on the Range
LD;Ludwig Von Drake;;An Adventure In Color
L;Luke;;The Rescuers
L;Lumière;;Beauty and the Beast
LH;Lumpy the Heffalump;;Pooh's Heffalump Movie
L;Lyle;;The Fox and the Hound 2
MB;Ma Beagle;;DuckTales
MH;Mad Hatter;;Alice in Wonderland
AB;Madame Adelaide Bonfamille;;The Aristocats
MM;Madame Medusa;;The Rescuers
MM;Madam Mim;;The Sword in the Stone
MU;Madame Upanova;;Fantasia
M;Madellaine;;The Hunchback of Notre Dame II
M;Maggie;;Home on the Range
MC;Magic Carpet;;Aladdin
MM;The Magic Mirror;;Snow White and the Seven Dwarfs
MS;Magica De Spell;;DuckTales
MB;Mahra the Baboon;;Jungle Cubs
MM;Maid Marian;;Robin Hood
MH;Major the Horse;;Cinderella
M;Maleficent;;Sleeping Beauty
M;Malina;;The Emperor's New School
MH;Mama Heffalump;;Pooh's Heffalump Movie
MO;Mama Odie;;The Princess and the Frog
MH;Man the Hunter;;Bambi
M;Marahute;;The Rescuers Down Under
MH;March Hare;;Alice in Wonderland
M;Marie;;The Aristocats
M;Markowski;;Wreck-It Ralph
MA;Marlon the Alligator;;The Princess and the Frog
MD;Mary Darling;;Peter Pan
TM;The Matchmaker;;Mulan
M;Maui;;Moana
M;Maurice;;Beauty and the Beast
MG;Max Goof;;Goof Troop
MH;Max Hare;;The Tortoise and the Hare
MS;Max the Sheepdog;;The Little Mermaid
M;Maximus;;Tangled
M;May;;House of Mouse
ML;Mayor Lionheart;;Zootopia
M;Mechanicles;;Aladdin (TV series)
M;Meeko;;Pocahontas
MB;Megabyte Beagle;;DuckTales
M;Megara;;Hercules
M;Megavolt;;Darkwing Duck
M;Melody;;The Little Mermaid II: Return to the Sea
M;Melinda;;Fantasia
M;Melpomene;;Hercules
M;Melvin;;Chicken Little
M;Mena;;Bambi II
M;Merlin;;The Sword in the Stone
MM;Merlock the Magician;;DuckTales
M;Merryweather;;Sleeping Beauty
MD;Michael Darling;;Peter Pan
MM;Mickey Mouse;;Steamboat Willie
MM;Mike the Microphone;;House of Mouse
M;Mildred;;Meet the Robinsons
MT;Milo Thatch;;Atlantis: The Lost Empire
M;Mindy;;Bolt
MM;Minnie Mouse;;Plane Crazy
MZ;Minty Zaki;;Wreck-It Ralph
M;Mirage;;Aladdin (TV series)
MW;Miranda Wright;;Bonkers
MB;Miss Bianca;;The Rescuers
MK;Miss Kitty;;The Great Mouse Detective
MN;Miss Nettle;;Sofia the First
M;Mittens;;Bolt
M;Moana;;Moana
M;Moley;;The Adventures of Ichabod and Mr. Toad
MA;Monsieur D'Arque;;Beauty and the Beast
M;Monstro;;Pinocchio
MJ;Monterey Jack;;Chip 'n Dale Rescue Rangers
M;Mooch;;Lady and the Tramp II: Scamp's Adventure
MP;Morcupine Porcupine;;Chicken Little
M;Morgana;;The Little Mermaid II: Return to the Sea
MM;Morgana McCawber;;Darkwing Duck
M;Morph;;Treasure Planet
MM;Mortimer Mouse;;Mickey's Rival
MF;Morty Fieldmouse;;Mickey's Steam Roller
MG;Mother Gothel;;Tangled
MR;Mother Rabbit;;Robin Hood
M;Mowgli;;The Jungle Book
M;Mozenrath;;Aladdin (TV series)
MA;Mr. Arrow;;Treasure Planet
MB;Mr. Big;;Zootopia
MP;Mr. Pettibone;;Mickey Mouse Clubhouse
MS;Mr. Smee;;Peter Pan
MS;Mr. Snoops;;The Rescuers
MS;Mr. Stork;;Dumbo
MW;Mr. Willerstein;;Meet the Robinsons
MW;Mr. Woolensworth;;Chicken Little
MC;Mrs. Calloway;;Home on the Range
MF;Mrs. Featherby;;DuckTales
MH;Mrs. Hasagawa;;Lilo & Stitch
MJ;Mrs. Judson;;The Great Mouse Detective
MJ;Mrs. Jumbo;;Dumbo
MO;Mrs. Otterton;;Zootopia
NP;Mrs. Possum;;Bambi
MP;Mrs. Potts;;Beauty and the Beast
MQ;Mrs. Quail;;Bambi
M;Mufasa;;The Lion King
M;Mulan;;Mulan
M;Mungo;;Tarzan
M;Mushu;;Mulan
ME;Myrtle Edmonds;;Lilo & Stitch
N;Nakoma;;Pocahontas
N;Nala;;The Lion King
N;Nana;;Peter Pan
NT;Nancy Tremaine;;Enchanted
NP;Nani Pelekai;;Lilo & Stitch
N;Nanny;;One Hundred and One Dalmatians
NB;Napoleon the Bloodhound;;The Aristocats
N;Nasira;;Aladdin in Nasira's Revenge
N;Nathaniel;;Enchanted
N;Natives;;Timon and Pumbaa
NB;Ned the Baboon;;Jungle Cubs
N;Neera;;Dinosaur
N;NegaDuck;;Darkwing Duck
N;Nessus;;Hercules
N;Nibs;;Peter Pan
NW;Nicholas "Nick" P. Wilde;;Zootopia
N;Nita;;Brother Bear 2
N;Nuka;;The Lion King II: Simba's Pride
NM;Nurse Mouse;;The Rescuers Down Under
NV;Nutsy the Vulture;;Robin Hood
O;Oaken;;Frozen
TO;The Octopus;;Return to Never Land
O;Olaf;;Frozen
O;Oliver;;Oliver & Company
OF;Olivia Flaversham;;The Great Mouse Detective
OP;Ollie the Pig;;Home on the Range
O;Onus;;Treasure Planet
O;Orddu;;The Black Cauldron
O;Orgoch;;The Black Cauldron
O;Orville;;The Rescuers
O;Orwen;;The Black Cauldron
O;Oswald the Lucky Rabbit;;Trolley Troubles
O;Otto;;Robin Hood
O;Owl;;Winnie the Pooh and the Honey Tree
P;Pacha;;The Emperor's New Groove
PP;Pain and Panic;;Hercules
PP;Panchito Pistoles;;The Three Caballeros
P;Pascal;;Tangled
P;Patch;;One Hundred and One Dalmatians
PG;Pearl Gesner;;Home on the Range
P;Peg;;Lady and the Tramp
PP;Peg Pete;;Goof Troop
P;Pegasus;;Hercules
PM;Penny's Mom;;Bolt
P;Penny;;One Hundred and One Dalmatians
P;Penny;;The Rescuers
P;Penny;;Bolt
PP;Pepper Ann Pearson;;Pepper Ann
P;Peppo the Italian Cat;;The Aristocats
PM;Percival C. McLeach;;The Rescuers Down Under
P;Percy;;Pocahontas
P;Perdita;;101 Dalmatians
P;Periwinkle;;Secret of the Wings
P;Pete;;Alice Solves the Puzzle
PJ;Pete Junior;;Goof Troop
PP;Peter Pan;;Peter Pan
PP;Peter Pig;;The Wise Little Hen
PB;The Phantom Blot;;DuckTales
P;Philoctetes;;Hercules
PH;Philippe the Horse;;Beauty and the Beast
P;Piglet;;Winnie the Pooh and the Blustery Day
P;Pinocchio;;Pinocchio
P;Pip;;Enchanted
PP;Pistol Pete;;Goof Troop
P;Plio;;Dinosaur
P;Pluto;;The Chain Gang
P;Pocahontas;;Pocahontas
PS;Poe De Spell;;DuckTales
PP;Pom-Pom;;Cinderella II: Dreams Come True
P;Pongo;;101 Dalmatians
P;Powerline;;A Goofy Movie
PP;Practical Pig;;Three Little Pigs
PW;Preston B. Whitmore;;Atlantis: The Lost Empire
PF;Prince Ferdinand;;Snow White and the Seven Dwarfs
PC;Prince Charming;;Cinderella
PE;Prince Edward;;Enchanted
PE;Prince Eric;;The Little Mermaid
PH;Prince Hans;;Frozen
PJ;Prince James;;Sofia the First
PJ;Prince John;;Robin Hood
PN;Prince Naveen;;The Princess and the Frog
PP;Prince Phillip;;Sleeping Beauty
P;Princess;;One Hundred and One Dalmatians
PQ;Princess Amber;;Sofia the First
PE;Princess Eilonwy;;The Black Cauldron
PJ;Princess Jasmine;;Aladdin
PK;Princess Kidagakash;;Atlantis: The Lost Empire
PM;Principal Mazur;;A Goofy Movie
PE;Prissy the Elephant;;Dumbo
NN;Professor Norton Nimnul;;Chip 'n Dale Rescue Rangers
PR;Professor Ratigan;;The Great Mouse Detective
P;Pronk Oryx-Antlerson;;Zootopia
P;Prudence;;Cinderella II: Dreams Come True
PW;Psycho the Weasel;;Who Framed Roger Rabbit
P;Pumbaa;;The Lion King
Q;Quackerjack;;Darkwing Duck
Q;Quasimodo;;The Hunchback of Notre Dame
Q;Queen;;Tangled Ever After
QA;Queen Athena;;The Little Mermaid: Ariel's Beginning
QC;Queen Clarion;;Disney Fairies
QG;Queen Grimhilde;;Snow White and the Seven Dwarfs
QL;Queen Leah;;Sleeping Beauty
QM;Queen Miranda;;Sofia the First
QM;Queen Mousetoria;;The Great Mouse Detective
QN;Queen Narissa;;Enchanted
QH;The Queen of Hearts;;Alice in Wonderland
Q;Quint;;Timon and Pumbaa
R;Rabbit;;Winnie the Pooh and the Honey Tree
R;Rachel;;Fantasia 2000
R;Rafiki;;The Lion King
R;Rajah;;Aladdin
RF;Rancis Fluggerbutter;;Wreck-It Ralph
R;Rapunzel;;Tangled
R;Ratty;;The Adventures of Ichabod and Mr. Toad
RF;Ray the Firefly;;The Princess and the Frog
R;Razoul;;Aladdin
R;Red;;The Rescuers Down Under
R;Rhino;;Bolt
RD;Rhoda Dendron;;Darkwing Duck
R;Rico;;Home on the Range
R;The Ringmaster;;Dumbo
R;Rita;;Oliver & Company
RZ;Robert "Bobby" Zimmeruski;;A Goofy Movie
RH;Robin Hood;;Robin Hood
RR;Roger Rabbit;;Who Framed Roger Rabbit
RR;Roger Radcliffe;;101 Dalmatians
R;Rolly;;One Hundred and One Dalmatians
R;Ronno;;Bambi II
R;Roo;;Winnie the Pooh and the Honey Tree
RM;Roquefort the Mouse;;The Aristocats
R;Roscoe;;Oliver & Company
TR;The Rose;;Alice in Wonderland
R;Rosetta;;Disney Fairies
R;Roxanne;;A Goofy Movie
R;Ruby;;Lady and the Tramp II: Scamp's Adventure
R;Rufus;;The Rescuers
RL;Runt of the Litter;;Chicken Little
RD;Rusty the Dog;;Home on the Range
RT;Rutt and Tuke;;Brother Bear
S;Sa'luk;;Aladdin and the King of Thieves
S;Sadira;;Aladdin (TV series)
SF;Sam Flynn;;Tron: Legacy
SS;Sam the Sheriff;;Home on the Range
S;Sarabi;;The Lion King
S;Sarafina;;The Lion King
SH;Sarah Hawkins;;Treasure Planet
S;Sarousch;;The Hunchback of Notre Dame II
S;Scamp;;Lady and the Tramp II: Scamp's Adventure
S;Scar;;The Lion King
SC;Scat Cat;;The Aristocats
S;Scratchy;;Lady and the Tramp II: Scamp's Adventure
SM;Scrooge McDuck;;DuckTales
S;Scroop;;Treasure Planet
S;Scuttle;;The Little Mermaid
S;Sebastian;;The Little Mermaid
SB;Secretary Bird;;Bedknobs and Broomsticks
SC;Sergeant Calhoun;;Wreck-It Ralph
ST;Sgt. Tibbs;;101 Dalmatians
SY;Shan Yu;;Mulan
S;Shanti (The Girl);;The Jungle Book
S;Sha-ron;;Mulan 2
S;Shenzi;;The Lion King
SK;Shere Khan;;The Jungle Book
SN;Sheriff of Nottingham;;Robin Hood
SG;Shun Gon the Chinese Cat;;The Aristocats
SA;Si & Am;;Lady and the Tramp
S;Silvermist;;Disney Fairies
S;Simba;;The Lion King
SE;Sir Ector;;The Sword in the Stone
SG;Sir Giles;;The Reluctant Dragon
SH;Sir Hiss;;Robin Hood
SK;Sir Kay;;The Sword in the Stone
SP;Sir Pellinore;;The Sword in the Stone
SB;Sis Bunny;;Robin Hood
S;Sitka;;Brother Bear
SB;Skippy Bunny;;Robin Hood
S;Sleepy;;Snow White and the Seven Dwarfs
S;Slightly;;Peter Pan
SW;Smarty the Weasel;;Who Framed Roger Rabbit
SB;Smolder the Bear;;Timon and Pumbaa
S;Sneezy;;Snow White and the Seven Dwarfs
SW;Snow White;;Snow White and the Seven Dwarfs
SR;Snowanna Rainbeau;;Wreck-It Ralph
PS;Princess Sofia;;Sofia the First
SB;Sour Bill;;Wreck-It Ralph
S;Sparky;;Lady and the Tramp II: Scamp's Adventure
SS;Speedy the Snail;;Timon and Pumbaa
S;Spot;;101 Dalmatians: The Series
SS;Spring Sprite;;Fantasia 2000
SC;Squeaks the Caterpillar;;The Fox and the Hound
SB;Stabbington Brothers;;Tangled
S;Steelbeak;;Darkwing Duck
S;Stitch;;Lilo & Stitch
S;Stromboli;;Pinocchio
SH;Stu Hopps;;Zootopia
SW;Stupid the Weasel;;Who Framed Roger Rabbit
TS;The Sultan;;Aladdin
SF;Sultan the Footstool;;Beauty and the Beast
S;Suri;;Dinosaur
S;Sven;;Frozen
SM;Swizzle "The Swizz" Malarkey;;Wreck-It Ralph
S;Sykes;;Oliver & Company
SM;Sylvia Marpole;;An Extremely Goofy Movie
TH;Tadashi Hamada;;Big Hero 6
TM;Taffyta Muttonfudge;;Wreck-It Ralph
TB;Tagalong Bunny;;Robin Hood
T;Tamatoa;;Moana
T;Tanana;;Brother Bear
T;Tank;;An Extremely Goofy Movie
TM;Tank Muddlefoot;;Darkwing Duck
T;Tantor;;Tarzan
TM;Tantor's Mother;;Tarzan
T;Taran;;The Black Cauldron
T;Tarzan;;Tarzan
TB;Taurus Bulba;;Darkwing Duck
TB;Ted Betterhead;;The Country Bears
T;Terence;;Disney Fairies
T;Terk;;Tarzan
T;Terpsichore;;Hercules
T;Thalia;;Hercules
T;Thomas;;Pocahontas
TO;Thomas O'Malley;;The Aristocats
T;Thug;;Bolt
T;Thumper;;Bambi
TM;Thumper's Mother;;Bambi
T;Tiana;;The Princess and the Frog
TL;Tiger Lily;;Peter Pan
T;Tigger;;Winnie the Pooh and the Blustery Day
TT;Tillie Tiger;;Silly Symphonies
T;Timon;;The Lion King
TM;Timon's Mother;;The Lion King 1½
TM;Timothy Q. Mouse;;Dumbo
T;Tina;;Chicken Little
TB;Tinker Bell;;Peter Pan
TT;Tino Tonitini;;The Weekenders
T;Tiny;;Meet the Robinsons
T;Tip;;The Little Mermaid II: Return to the Sea
T;Tipo;;The Emperor's New Groove
T;Tito;;Oliver & Company
TR;Tobias the Reluctant Dragon;;The Reluctant Dragon
TD;Toby the Dog;;The Great Mouse Detective
TT;Toby Tortoise;;The Tortoise and the Hare
TT;Toby Turtle;;Robin Hood
T;Tod;;The Fox and the Hound
T;Tootles;;Peter Pan
T;Toots;;Bonkers
T;Toulouse;;The Aristocats
T;Tramp;;Lady and the Tramp
TV;Trigger the Vulture;;Robin Hood
T;Trusty;;Lady and the Tramp
T;Tug;;Brother Bear
T;Tui;;Moana
TL;Turkey Lurkey;;Chicken Little
T;Tuskernini;;Darkwing Duck
TT;Tweedledum and Tweedledee;;Alice in Wonderland
TF;Two Fingers;;The Princess and the Frog
UA;Uncle Art;;Meet the Robinsons
UM;Uncle Max;;The Lion King 1½
UW;Uncle Waldo;;The Aristocats
U;Url;;Dinosaur
U;Ursula;;The Little Mermaid
VS;Vanellope von Schweetz;;Wreck-It Ralph
V;Vanessa (The Little Mermaid);;The Little Mermaid
VC;Veteran Cat;;Bolt
V;Victor;;The Hunchback of Notre Dame
V;Vidia;;Disney Fairies
VS;Vincenzo "Vinny" Santorini;;Atlantis: The Lost Empire
V;Vitani;;The Lion King II: Simba's Pride
V;Vixey;;The Fox and the Hound
VG;Vladimir Goudenov Grizzlikof;;Darkwing Duck
VP;Vulture Police;;Timon and Pumbaa
W;Waffles;;Goof Troop
TW;The Walrus;;Alice in Wonderland
WV;Webby Vanderquack;;DuckTales
W;Webster;;Belle's Magical World
WD;Wendy Darling;;Peter Pan
W;Wesley;;Home on the Range
WW;Wheezy the Weasel;;Who Framed Roger Rabbit
WR;White Rabbit;;Alice in Wonderland
WT;Widow Tweed;;The Fox and the Hound
W;Wiggins;;Pocahontas
W;Wilbur;;The Rescuers Down Under
WR;Wilbur Robinson;;Meet the Robinsons
WP;Wilhelmina Packard;;Atlantis: The Lost Empire
WG;Willie the Giant;;Fun and Fancy Free
WE;Winifred the Elephant;;The Jungle Book
WB;Winkie the Barman;;The Adventures of Ichabod and Mr. Toad
WP;Winnie the Pooh;;Winnie the Pooh and the Honey Tree
W;Winston;;Oliver & Company
W;Witherspoon;;Belle's Magical World
WR;Woolter the Ram;;Zootopia
WR;Wormwood the Raven;;Sofia the First
WR;Wreck-It Ralph;;Wreck-It Ralph
W;Wynchel;;Wreck-It Ralph
Y;Yao;;Mulan
Y;Yar;;Dinosaur
Y;Yax;;Zootopia
YS;Yen Sid;;Fantasia
YY;Yo-Yo;;Fantasia 2000
Y;Yzma;;The Emperor's New Groove
Z;Zarina;;The Pirate Fairy
Z;Zazu;;The Lion King
Z;Zephyr;;The Hunchback of Notre Dame II
Z;Zeus;;Hercules
ZV;Ziggy the Vulture;;The Jungle Book
Z;Zini;;Dinosaur
Z;Zipper;;Chip 'n Dale Rescue Rangers
